case_id,source_file,file_type,processing_status,customer_name,email,phone_number,product_or_service,complaint_category,is_complaint,escalation_required,supporting_document_available,overall_case_status,priority,customer_sentiment,resolution_provided,issue_description,recommended_next_action,email_generated,summary_generated,processing_seconds,errors
complaint_001,complaint_001.txt,txt,SUCCESS,Priya Sharma,priya.sharma@example.com,+91 98765 43210,Prime Home Broadband — 300 Mbps plan,Billing,Yes,No,Yes,Resolved,Medium,Neutral,"A refund of Rs. 1,499 was approved on 10 March and processed to the original payment method. The customer was informed that it will reflect within 5 to 7 working days.","The customer was billed twice for February, with two charges of Rs. 1,499 on 3 February and 5 February. The billing team confirmed the duplicate charge and the customer provided supporting documents including invoices and a bank statement.",Confirm with the customer that the refund has been received and the issue is fully resolved.,Yes,Yes,5.309,
complaint_002,complaint_002.pdf,pdf,SUCCESS,Rahul Verma,rahul.verma88@example.com,+91 90123 45678,Express Delivery — order ORD-77821,Delivery,Yes,Yes,Yes,Open,High,Very Negative,,"The customer is complaining about order ORD-77821, which was promised for delivery on 6 March but has not been delivered as of 18 March. The tracking page has shown 'out for dispatch' for eleven days, and the customer has not received any updates despite previous tickets.",Escalate the case to a supervisor for immediate attention.,Yes,Yes,4.432,
complaint_003,complaint_003.docx,docx,SUCCESS,Ananya Iyer,ananya.iyer@example.com,080-4455-9012,AeroBlend 750W Mixer Grinder,Product Defect,Yes,No,Yes,In Progress,Medium,Neutral,A replacement unit has been approved under warranty and the request is currently being processed by the service centre. Pickup of the faulty unit is scheduled for 24 March.,"The mixer grinder started making a loud grinding noise and then stopped working entirely after about six weeks of normal household use. There is a burning smell from the motor housing. The technician confirmed the motor winding has failed, which is a known issue on units from the November 2024 production batch.",Confirm the pickup schedule for the faulty unit on 24 March.,Yes,Yes,4.627,
complaint_004,complaint_004.txt,txt,SUCCESS,Daniel Okonkwo,d.okonkwo@example.org,,MyAccount customer portal,Account Access,Yes,No,No,Open,High,Negative,,"The customer cannot log in to their account due to an 'access denied' message after entering the password. They have attempted to reset the password twice but have not received the OTP via email, and their account was locked after multiple failed sign-in attempts.",Investigate the failure of password reset emails for this account.,Yes,Yes,4.622,
complaint_005,complaint_005.pdf,pdf,SUCCESS,Meera Krishnan,meera.k@example.com,+91 99887 76655,Annual Subscription — Studio Pro,Refund,Yes,No,Yes,In Progress,High,Negative,Finance team has been asked to prioritise the refund. The customer has been told the refund is under review and will be confirmed once approved.,"The customer cancelled their Studio Pro subscription within the 14-day cooling off period on 11 March and has not received their refund of Rs. 8,999. The refund request is pending approval in the finance queue.",Follow up with the finance team to expedite the approval of the refund.,Yes,Yes,5.326,
complaint_006,complaint_006.md,md,SUCCESS,James Whitfield,j.whitfield@example.co.uk,+44 7700 900123,Business Plus plan,General Enquiry,No,No,No,Resolved,Low,Neutral,Billing team confirmed that mid-cycle upgrades are pro-rated and that the seat count resets on the existing billing date. This was sent to the customer on 26 March.,The customer is seeking clarification about pro-rated billing for a mid-cycle upgrade from the Standard plan to the Business Plus plan and the seat count reset date.,No action recorded.,Yes,Yes,5.165,
complaint_007,complaint_007.txt,txt,SUCCESS,,,,mobile app,Technical Issue,Yes,Yes,Yes,Escalated,High,Very Negative,,"The mobile app crashes every time the customer tries to open the reports tab since the last update, resulting in a blank screen and closure of the app. The customer has reinstalled the app twice and is unable to access sales data, which is impacting their business.",Assign a support agent to follow up with the customer and provide an update on the escalation status.,Yes,Yes,5.336,
complaint_008,complaint_008.docx,docx,SUCCESS,Fatima Al-Rashid,fatima.alrashid@example.com,+971 50 123 4567,In-store installation service,Service Quality,Yes,No,Yes,Closed,Medium,Neutral,The service manager called the customer on 21 March to apologise. A goodwill credit of AED 150 was applied to the account and the call centre agent has been given coaching. The customer confirmed she was satisfied with the outcome and thanked the manager for following up.,"The customer raised a complaint regarding the installation appointment on 19 March, stating that the engineer arrived three hours late without prior notification. The customer also noted poor communication from the call centre staff when inquiring about the delay.",Document the case closure and ensure all relevant feedback is shared with the call centre team for future improvements.,Yes,Yes,5.932,
edge_case_empty_document,edge_case_empty_document.txt,txt,FAILED,,,,,,,,,,,,,,,No,No,0,ingestion: edge_case_empty_document.txt contains no extractable text (a scanned or image-only file would need OCR)
